INSERT INTO "user" ("id", "user_type", "created_at", "name", "surname", "phone_number", "email")
VALUES
    ('123e4567-e89b-12d3-a456-426614174000', 'VIEWER', '2024-05-09 14:35:00', 'Alice', 'Johnson', '123-456-7890', 'alice.johnson@example.com'),
    ('123e4567-e89b-12d3-a456-426614174001', 'VIEWER', '2024-05-09 14:35:00', 'Bob', 'Smith', '123-456-7891', 'bob.smith@example.com'),
    ('123e4567-e89b-12d3-a456-426614174002', 'VIEWER', '2024-05-09 14:35:00', 'Charlie', 'Brown', '123-456-7892', 'charlie.brown@example.com'),
    ('123e4567-e89b-12d3-a456-426614174003', 'USHER', '2024-05-09 14:35:00', 'David', 'Lee', '123-456-7893', 'david.lee@example.com'),
    ('123e4567-e89b-12d3-a456-426614174004', 'VIEWER', '2024-05-09 14:35:00', 'Emma', 'Davis', '123-456-7894', 'emma.davis@example.com'),
    ('123e4567-e89b-12d3-a456-426614174005', 'USHER', '2024-05-09 14:35:00', 'Frank', 'Wilson', '123-456-7895', 'frank.wilson@example.com'),
    ('123e4567-e89b-12d3-a456-426614174006', 'VIEWER', '2024-05-09 14:35:00', 'Grace', 'Martinez', '123-456-7896', 'grace.martinez@example.com'),
    ('123e4567-e89b-12d3-a456-426614174007', 'USHER', '2024-05-09 14:35:00', 'Henry', 'Anderson', '123-456-7897', 'henry.anderson@example.com'),
    ('123e4567-e89b-12d3-a456-426614174008', 'VIEWER', '2024-05-09 14:35:00', 'Isabella', 'Taylor', '123-456-7898', 'isabella.taylor@example.com'),
    ('123e4567-e89b-12d3-a456-426614174009', 'USHER', '2024-05-09 14:35:00', 'Jack', 'Thomas', '123-456-7899', 'jack.thomas@example.com'),
    ('123e4567-e89b-12d3-a456-426614174010', 'VIEWER', '2024-05-09 14:35:00', 'Kevin', 'Hernandez', '123-456-7800', 'kevin.hernandez@example.com'),
    ('123e4567-e89b-12d3-a456-426614174011', 'USHER', '2024-05-09 14:35:00', 'Laura', 'Young', '123-456-7801', 'laura.young@example.com'),
    ('123e4567-e89b-12d3-a456-426614174012', 'VIEWER', '2024-05-09 14:35:00', 'Michael', 'Allen', '123-456-7802', 'michael.allen@example.com'),
    ('123e4567-e89b-12d3-a456-426614174013', 'USHER', '2024-05-09 14:35:00', 'Natalie', 'Scott', '123-456-7803', 'natalie.scott@example.com');

INSERT INTO "screening_room" ("id", "name")
VALUES
    (1, 'Main Hall'),
    (2, 'Side Hall'),
    (3, 'Left Hall'),
    (4, 'Right Hall');

-- Insert seats for Main Hall
INSERT INTO "seat" ("id", "screening_room_id", "row", "column")
VALUES
    (1, 1, 'A', 1),
    (2, 1, 'A', 2),
    (3, 1, 'A', 3),
    (4, 1, 'A', 4),
    (5, 1, 'A', 5),
    (6, 1, 'A', 6),
    (7, 1, 'A', 7),
    (8, 1, 'A', 8),
    (9, 1, 'A', 9),
    (10, 1, 'A', 10),
    (11, 1, 'B', 1),
    (12, 1, 'B', 2),
    (13, 1, 'B', 3),
    (14, 1, 'B', 4),
    (15, 1, 'B', 5),
    (16, 1, 'B', 6),
    (17, 1, 'B', 7),
    (18, 1, 'B', 8),
    (19, 1, 'B', 9),
    (20, 1, 'B', 10),
    (21, 1, 'C', 1),
    (22, 1, 'C', 2),
    (23, 1, 'C', 3),
    (24, 1, 'C', 4),
    (25, 1, 'C', 5),
    (26, 1, 'C', 6),
    (27, 1, 'C', 7),
    (28, 1, 'C', 8),
    (29, 1, 'C', 9),
    (30, 1, 'C', 10),
    (31, 1, 'D', 1),
    (32, 1, 'D', 2),
    (33, 1, 'D', 3),
    (34, 1, 'D', 4),
    (35, 1, 'D', 5),
    (36, 1, 'D', 6),
    (37, 1, 'D', 7),
    (38, 1, 'D', 8),
    (39, 1, 'D', 9),
    (40, 1, 'D', 10),
    (41, 1, 'E', 1),
    (42, 1, 'E', 2),
    (43, 1, 'E', 3),
    (44, 1, 'E', 4),
    (45, 1, 'E', 5),
    (46, 1, 'E', 6),
    (47, 1, 'E', 7),
    (48, 1, 'E', 8),
    (49, 1, 'E', 9),
    (50, 1, 'E', 10);

-- Insert seats for Side Hall
INSERT INTO "seat" ("id", "screening_room_id", "row", "column")
VALUES
    (51, 2, 'A', 1),
    (52, 2, 'A', 2),
    (53, 2, 'A', 3),
    (54, 2, 'A', 4),
    (55, 2, 'A', 5),
    (56, 2, 'A', 6),
    (57, 2, 'A', 7),
    (58, 2, 'A', 8),
    (59, 2, 'A', 9),
    (60, 2, 'A', 10),
    (61, 2, 'A', 11),
    (62, 2, 'A', 12),
    (63, 2, 'A', 13),
    (64, 2, 'A', 14),
    (65, 2, 'A', 15),
    (66, 2, 'B', 1),
    (67, 2, 'B', 2),
    (68, 2, 'B', 3),
    (69, 2, 'B', 4),
    (70, 2, 'B', 5),
    (71, 2, 'B', 6),
    (72, 2, 'B', 7),
    (73, 2, 'B', 8),
    (74, 2, 'B', 9),
    (75, 2, 'B', 10),
    (76, 2, 'B', 11),
    (77, 2, 'B', 12),
    (78, 2, 'B', 13),
    (79, 2, 'B', 14),
    (80, 2, 'B', 15),
    (81, 2, 'C', 1),
    (82, 2, 'C', 2),
    (83, 2, 'C', 3),
    (84, 2, 'C', 4),
    (85, 2, 'C', 5),
    (86, 2, 'C', 6),
    (87, 2, 'C', 7),
    (88, 2, 'C', 8),
    (89, 2, 'C', 9),
    (90, 2, 'C', 10),
    (91, 2, 'C', 11),
    (92, 2, 'C', 12),
    (93, 2, 'C', 13),
    (94, 2, 'C', 14),
    (95, 2, 'C', 15),
    (96, 2, 'D', 1),
    (97, 2, 'D', 2),
    (98, 2, 'D', 3),
    (99, 2, 'D', 4),
    (100, 2, 'D', 5),
    (101, 2, 'D', 6),
    (102, 2, 'D', 7),
    (103, 2, 'D', 8),
    (104, 2, 'D', 9),
    (105, 2, 'D', 10),
    (106, 2, 'D', 11),
    (107, 2, 'D', 12),
    (108, 2, 'D', 13),
    (109, 2, 'D', 14),
    (110, 2, 'D', 15);

INSERT INTO "seat" ("id", "screening_room_id", "row", "column")
VALUES
    (111, 3, 'A', 1),
    (112, 3, 'A', 2),
    (113, 3, 'A', 3),
    (114, 3, 'A', 4),
    (115, 3, 'A', 5),
    (116, 3, 'A', 6),
    (117, 3, 'A', 7),
    (118, 3, 'A', 8),
    (119, 3, 'A', 9),
    (120, 3, 'A', 10),
    (121, 3, 'B', 1),
    (122, 3, 'B', 2),
    (123, 3, 'B', 3),
    (124, 3, 'B', 4),
    (125, 3, 'B', 5),
    (126, 3, 'B', 6),
    (127, 3, 'B', 7),
    (128, 3, 'B', 8),
    (129, 3, 'B', 9),
    (130, 3, 'B', 10);

INSERT INTO "seat" ("id", "screening_room_id", "row", "column")
VALUES
    (131, 4, 'A', 1),
    (132, 4, 'A', 2),
    (133, 4, 'A', 3),
    (134, 4, 'A', 4),
    (135, 4, 'A', 5),
    (136, 4, 'A', 6),
    (137, 4, 'A', 7),
    (138, 4, 'A', 8),
    (139, 4, 'A', 9),
    (140, 4, 'A', 10),
    (141, 4, 'B', 1),
    (142, 4, 'B', 2),
    (143, 4, 'B', 3),
    (144, 4, 'B', 4),
    (145, 4, 'B', 5),
    (146, 4, 'B', 6),
    (147, 4, 'B', 7),
    (148, 4, 'B', 8),
    (149, 4, 'B', 9),
    (150, 4, 'B', 10);



INSERT INTO "movie_poster" ("id", "access_url", "file_name", "file_path")
VALUES
    ('123e4567-e89b-12d3-a456-426614174024', '/images/the-great-adventure-poster.jpg', 'the-great-adventure-poster.jpg', '/images/the-great-adventure-poster.jpg'),
    ('123e4567-e89b-12d3-a456-426614174025', '/images/mystery-in-the-woods-poster.jpg', 'mystery-in-the-woods-poster.jpg', '/images/mystery-in-the-woods-poster.jpg'),
    ('123e4567-e89b-12d3-a456-426614174026', '/images/the-godfather-poster.jpg', 'the-godfather-poster.jpg', '/images/the-godfather-poster.jpg'),
    ('123e4567-e89b-12d3-a456-426614174027', '/images/star-wars-poster.jpg', 'star-wars-poster.jpg', '/images/star-wars-poster.jpg'),
    ('123e4567-e89b-12d3-a456-426614174028', '/images/the-shawshank-redemption-poster.jpg', 'the-shawshank-redemption-poster.jpg', '/images/the-shawshank-redemption-poster.jpg'),
    ('123e4567-e89b-12d3-a456-426614174029', '/images/the-dark-knight-poster.jpg', 'the-dark-knight-poster.jpg', '/images/the-dark-knight-poster.jpg'),
    ('123e4567-e89b-12d3-a456-426614174030', '/images/the-lord-of-the-rings-poster.jpg', 'the-lord-of-the-rings-poster.jpg', '/images/the-lord-of-the-rings-poster.jpg'),
    ('123e4567-e89b-12d3-a456-426614174031', '/images/forrest-gump-poster.jpg', 'forrest-gump-poster.jpg', '/images/forrest-gump-poster.jpg'),
    ('123e4567-e89b-12d3-a456-426614174032', '/images/titanic-poster.jpg', 'titanic-poster.jpg', '/images/titanic-poster.jpg'),
    ('123e4567-e89b-12d3-a456-426614174033', '/images/the-lion-king-poster.jpg', 'the-lion-king-poster.jpg', '/images/the-lion-king-poster.jpg');

INSERT INTO "movie" ("id", "title", "description", "duration", "movie_poster_id")
VALUES
    ('123e4567-e89b-12d3-a456-426614174014', 'The Great Adventure', 'A journey of discovery.', 120, '123e4567-e89b-12d3-a456-426614174024'),
    ('123e4567-e89b-12d3-a456-426614174015', 'Mystery in the Woods', 'A suspenseful thriller.', 90, '123e4567-e89b-12d3-a456-426614174025'),
    ('123e4567-e89b-12d3-a456-426614174016', 'The Godfather', 'An epic crime saga.', 180, '123e4567-e89b-12d3-a456-426614174026'),
    ('123e4567-e89b-12d3-a456-426614174017', 'Star Wars', 'A space opera franchise.', 150, '123e4567-e89b-12d3-a456-426614174027'),
    ('123e4567-e89b-12d3-a456-426614174018', 'The Shawshank Redemption', 'A story of hope and redemption.', 142, '123e4567-e89b-12d3-a456-426614174028'),
    ('123e4567-e89b-12d3-a456-426614174019', 'The Dark Knight', 'A gripping crime thriller.', 152, '123e4567-e89b-12d3-a456-426614174029'),
    ('123e4567-e89b-12d3-a456-426614174020', 'The Lord of the Rings', 'An epic fantasy adventure.', 201, '123e4567-e89b-12d3-a456-426614174030'),
    ('123e4567-e89b-12d3-a456-426614174021', 'Forrest Gump', 'A heartwarming drama.', 142, '123e4567-e89b-12d3-a456-426614174031'),
    ('123e4567-e89b-12d3-a456-426614174022', 'Titanic', 'A tragic romance.', 195, '123e4567-e89b-12d3-a456-426614174032'),
    ('123e4567-e89b-12d3-a456-426614174023', 'The Lion King', 'An animated musical drama.', 118, '123e4567-e89b-12d3-a456-426614174033');

INSERT INTO "screening" ("id", "screening_room_id", "movie_id", "start_date", "advertisements_duration")
VALUES
    ('123e4567-e89b-12d3-a456-42661417403400066', 1, '123e4567-e89b-12d3-a456-426614174022', '2024-05-14 09:00:00', 10),
    ('123e4567-e89b-12d3-a456-42661417403400067', 1, '123e4567-e89b-12d3-a456-426614174023', '2024-05-14 12:00:00', 10),
    ('123e4567-e89b-12d3-a456-42661417403400068', 2, '123e4567-e89b-12d3-a456-426614174022', '2024-05-14 10:00:00', 10),
    ('123e4567-e89b-12d3-a456-42661417403400069', 2, '123e4567-e89b-12d3-a456-426614174023', '2024-05-14 13:00:00', 10),
    ('123e4567-e89b-12d3-a456-42661417403400070', 3, '123e4567-e89b-12d3-a456-426614174022', '2024-05-14 11:00:00', 10),
    ('123e4567-e89b-12d3-a456-42661417403400071', 3, '123e4567-e89b-12d3-a456-426614174023', '2024-05-14 14:00:00', 10),
    ('123e4567-e89b-12d3-a456-42661417403400072', 4, '123e4567-e89b-12d3-a456-426614174022', '2024-05-14 15:00:00', 10),
    ('123e4567-e89b-12d3-a456-42661417403400073', 4, '123e4567-e89b-12d3-a456-426614174023', '2024-05-14 18:00:00', 10),
    ('123e4567-e89b-12d3-a456-42661417403400074', 1, '123e4567-e89b-12d3-a456-426614174014', '2024-05-15 09:00:00', 10),
    ('123e4567-e89b-12d3-a456-42661417403400075', 1, '123e4567-e89b-12d3-a456-426614174015', '2024-05-15 12:00:00', 10),
    ('123e4567-e89b-12d3-a456-42661417403400076', 2, '123e4567-e89b-12d3-a456-426614174016', '2024-05-15 10:00:00', 10),
    ('123e4567-e89b-12d3-a456-42661417403400077', 2, '123e4567-e89b-12d3-a456-426614174017', '2024-05-15 13:00:00', 10),
    ('123e4567-e89b-12d3-a456-42661417403400078', 3, '123e4567-e89b-12d3-a456-426614174018', '2024-05-15 11:00:00', 10),
    ('123e4567-e89b-12d3-a456-42661417403400079', 3, '123e4567-e89b-12d3-a456-426614174019', '2024-05-15 14:00:00', 10),
    ('123e4567-e89b-12d3-a456-42661417403400080', 4, '123e4567-e89b-12d3-a456-426614174020', '2024-05-15 15:00:00', 10),
    ('123e4567-e89b-12d3-a456-42661417403400081', 4, '123e4567-e89b-12d3-a456-426614174021', '2024-05-15 18:00:00', 10),
    ('123e4567-e89b-12d3-a456-42661417403400082', 1, '123e4567-e89b-12d3-a456-426614174022', '2024-05-16 09:00:00', 10),
    ('123e4567-e89b-12d3-a456-42661417403400083', 1, '123e4567-e89b-12d3-a456-426614174023', '2024-05-16 12:00:00', 10),
    ('123e4567-e89b-12d3-a456-42661417403400084', 2, '123e4567-e89b-12d3-a456-426614174014', '2024-05-16 10:00:00', 10),
    ('123e4567-e89b-12d3-a456-42661417403400085', 2, '123e4567-e89b-12d3-a456-426614174015', '2024-05-16 13:00:00', 10),
    ('123e4567-e89b-12d3-a456-42661417403400086', 3, '123e4567-e89b-12d3-a456-426614174016', '2024-05-16 11:00:00', 10),
    ('123e4567-e89b-12d3-a456-42661417403400087', 3, '123e4567-e89b-12d3-a456-426614174017', '2024-05-16 14:00:00', 10),
    ('123e4567-e89b-12d3-a456-42661417403400088', 4, '123e4567-e89b-12d3-a456-426614174018', '2024-05-16 15:00:00', 10),
    ('123e4567-e89b-12d3-a456-42661417403400089', 4, '123e4567-e89b-12d3-a456-426614174019', '2024-05-16 18:00:00', 10),
    ('123e4567-e89b-12d3-a456-42661417403400090', 1, '123e4567-e89b-12d3-a456-426614174020', '2024-05-17 09:00:00', 10),
    ('123e4567-e89b-12d3-a456-42661417403400091', 1, '123e4567-e89b-12d3-a456-426614174021', '2024-05-17 12:00:00', 10),
    ('123e4567-e89b-12d3-a456-42661417403400092', 2, '123e4567-e89b-12d3-a456-426614174022', '2024-05-17 10:00:00', 10),
    ('123e4567-e89b-12d3-a456-42661417403400093', 2, '123e4567-e89b-12d3-a456-426614174023', '2024-05-17 13:00:00', 10),
    ('123e4567-e89b-12d3-a456-42661417403400094', 3, '123e4567-e89b-12d3-a456-426614174014', '2024-05-17 11:00:00', 10),
    ('123e4567-e89b-12d3-a456-42661417403400095', 3, '123e4567-e89b-12d3-a456-426614174015', '2024-05-17 14:00:00', 10),
    ('123e4567-e89b-12d3-a456-42661417403400096', 4, '123e4567-e89b-12d3-a456-426614174016', '2024-05-17 15:00:00', 10),
    ('123e4567-e89b-12d3-a456-42661417403400097', 4, '123e4567-e89b-12d3-a456-426614174017', '2024-05-17 18:00:00', 10),
    ('123e4567-e89b-12d3-a456-42661417403400098', 1, '123e4567-e89b-12d3-a456-426614174018', '2024-05-18 09:00:00', 10),
    ('123e4567-e89b-12d3-a456-42661417403400099', 1, '123e4567-e89b-12d3-a456-426614174019', '2024-05-18 12:00:00', 10),
    ('123e4567-e89b-12d3-a456-42661417403400100', 2, '123e4567-e89b-12d3-a456-426614174020', '2024-05-18 10:00:00', 10),
    ('123e4567-e89b-12d3-a456-42661417403400101', 2, '123e4567-e89b-12d3-a456-426614174021', '2024-05-18 13:00:00', 10),
    ('123e4567-e89b-12d3-a456-42661417403400102', 3, '123e4567-e89b-12d3-a456-426614174022', '2024-05-18 11:00:00', 10),
    ('123e4567-e89b-12d3-a456-42661417403400103', 3, '123e4567-e89b-12d3-a456-426614174023', '2024-05-18 14:00:00', 10),
    ('123e4567-e89b-12d3-a456-42661417403400104', 4, '123e4567-e89b-12d3-a456-426614174014', '2024-05-18 15:00:00', 10),
    ('123e4567-e89b-12d3-a456-42661417403400105', 4, '123e4567-e89b-12d3-a456-426614174015', '2024-05-18 18:00:00', 10),
    ('123e4567-e89b-12d3-a456-42661417403400106', 1, '123e4567-e89b-12d3-a456-426614174016', '2024-05-19 09:00:00', 10),
    ('123e4567-e89b-12d3-a456-42661417403400107', 1, '123e4567-e89b-12d3-a456-426614174017', '2024-05-19 12:00:00', 10),
    ('123e4567-e89b-12d3-a456-42661417403400108', 2, '123e4567-e89b-12d3-a456-426614174018', '2024-05-19 10:00:00', 10),
    ('123e4567-e89b-12d3-a456-42661417403400109', 2, '123e4567-e89b-12d3-a456-426614174019', '2024-05-19 13:00:00', 10),
    ('123e4567-e89b-12d3-a456-42661417403400110', 3, '123e4567-e89b-12d3-a456-426614174020', '2024-05-19 11:00:00', 10),
    ('123e4567-e89b-12d3-a456-42661417403400111', 3, '123e4567-e89b-12d3-a456-426614174021', '2024-05-19 14:00:00', 10),
    ('123e4567-e89b-12d3-a456-42661417403400112', 4, '123e4567-e89b-12d3-a456-426614174022', '2024-05-19 15:00:00', 10),
    ('123e4567-e89b-12d3-a456-42661417403400113', 4, '123e4567-e89b-12d3-a456-426614174023', '2024-05-19 18:00:00', 10),
    ('123e4567-e89b-12d3-a456-42661417403400114', 1, '123e4567-e89b-12d3-a456-426614174014', '2024-05-20 09:00:00', 10),
    ('123e4567-e89b-12d3-a456-42661417403400115', 1, '123e4567-e89b-12d3-a456-426614174015', '2024-05-20 12:00:00', 10),
    ('123e4567-e89b-12d3-a456-42661417403400116', 2, '123e4567-e89b-12d3-a456-426614174016', '2024-05-20 10:00:00', 10),
    ('123e4567-e89b-12d3-a456-42661417403400117', 2, '123e4567-e89b-12d3-a456-426614174017', '2024-05-20 13:00:00', 10),
    ('123e4567-e89b-12d3-a456-42661417403400118', 3, '123e4567-e89b-12d3-a456-426614174018', '2024-05-20 11:00:00', 10),
    ('123e4567-e89b-12d3-a456-42661417403400119', 3, '123e4567-e89b-12d3-a456-426614174019', '2024-05-20 14:00:00', 10),
    ('123e4567-e89b-12d3-a456-42661417403400120', 4, '123e4567-e89b-12d3-a456-426614174020', '2024-05-20 15:00:00', 10),
    ('123e4567-e89b-12d3-a456-42661417403400121', 4, '123e4567-e89b-12d3-a456-426614174021', '2024-05-20 18:00:00', 10),
    ('123e4567-e89b-12d3-a456-42661417403400122', 1, '123e4567-e89b-12d3-a456-426614174022', '2024-05-21 09:00:00', 10),
    ('123e4567-e89b-12d3-a456-42661417403400123', 1, '123e4567-e89b-12d3-a456-426614174023', '2024-05-21 12:00:00', 10),
    ('123e4567-e89b-12d3-a456-42661417403400124', 2, '123e4567-e89b-12d3-a456-426614174014', '2024-05-21 10:00:00', 10),
    ('123e4567-e89b-12d3-a456-42661417403400125', 2, '123e4567-e89b-12d3-a456-426614174015', '2024-05-21 13:00:00', 10),
    ('123e4567-e89b-12d3-a456-42661417403400126', 3, '123e4567-e89b-12d3-a456-426614174016', '2024-05-21 11:00:00', 10),
    ('123e4567-e89b-12d3-a456-42661417403400127', 3, '123e4567-e89b-12d3-a456-426614174017', '2024-05-21 14:00:00', 10),
    ('123e4567-e89b-12d3-a456-42661417403400128', 4, '123e4567-e89b-12d3-a456-426614174018', '2024-05-21 15:00:00', 10),
    ('123e4567-e89b-12d3-a456-42661417403400129', 4, '123e4567-e89b-12d3-a456-426614174019', '2024-05-21 18:00:00', 10),
    ('123e4567-e89b-12d3-a456-42661417403400130', 1, '123e4567-e89b-12d3-a456-426614174020', '2024-05-22 09:00:00', 10),
    ('123e4567-e89b-12d3-a456-42661417403400131', 1, '123e4567-e89b-12d3-a456-426614174021', '2024-05-22 12:00:00', 10),
    ('123e4567-e89b-12d3-a456-42661417403400132', 2, '123e4567-e89b-12d3-a456-426614174022', '2024-05-22 10:00:00', 10),
    ('123e4567-e89b-12d3-a456-42661417403400133', 2, '123e4567-e89b-12d3-a456-426614174023', '2024-05-22 13:00:00', 10),
    ('123e4567-e89b-12d3-a456-42661417403400134', 3, '123e4567-e89b-12d3-a456-426614174014', '2024-05-22 11:00:00', 10),
    ('123e4567-e89b-12d3-a456-42661417403400135', 3, '123e4567-e89b-12d3-a456-426614174015', '2024-05-22 14:00:00', 10),
    ('123e4567-e89b-12d3-a456-42661417403400136', 4, '123e4567-e89b-12d3-a456-426614174016', '2024-05-22 15:00:00', 10),
    ('123e4567-e89b-12d3-a456-42661417403400137', 4, '123e4567-e89b-12d3-a456-426614174017', '2024-05-22 18:00:00', 10),
    ('123e4567-e89b-12d3-a456-42661417403400138', 1, '123e4567-e89b-12d3-a456-426614174018', '2024-05-23 09:00:00', 10),
    ('123e4567-e89b-12d3-a456-42661417403400139', 1, '123e4567-e89b-12d3-a456-426614174019', '2024-05-23 12:00:00', 10),
    ('123e4567-e89b-12d3-a456-42661417403400140', 2, '123e4567-e89b-12d3-a456-426614174020', '2024-05-23 10:00:00', 10),
    ('123e4567-e89b-12d3-a456-42661417403400141', 2, '123e4567-e89b-12d3-a456-426614174021', '2024-05-23 13:00:00', 10),
    ('123e4567-e89b-12d3-a456-42661417403400142', 3, '123e4567-e89b-12d3-a456-426614174022', '2024-05-23 11:00:00', 10),
    ('123e4567-e89b-12d3-a456-42661417403400143', 3, '123e4567-e89b-12d3-a456-426614174023', '2024-05-23 14:00:00', 10),
    ('123e4567-e89b-12d3-a456-42661417403400144', 4, '123e4567-e89b-12d3-a456-426614174014', '2024-05-23 15:00:00', 10),
    ('123e4567-e89b-12d3-a456-42661417403400145', 4, '123e4567-e89b-12d3-a456-426614174015', '2024-05-23 18:00:00', 10),
    ('123e4567-e89b-12d3-a456-42661417403400146', 1, '123e4567-e89b-12d3-a456-426614174016', '2024-05-24 09:00:00', 10),
    ('123e4567-e89b-12d3-a456-42661417403400147', 1, '123e4567-e89b-12d3-a456-426614174017', '2024-05-24 12:00:00', 10),
    ('123e4567-e89b-12d3-a456-42661417403400148', 2, '123e4567-e89b-12d3-a456-426614174018', '2024-05-24 10:00:00', 10),
    ('123e4567-e89b-12d3-a456-42661417403400149', 2, '123e4567-e89b-12d3-a456-426614174019', '2024-05-24 13:00:00', 10),
    ('123e4567-e89b-12d3-a456-42661417403400150', 3, '123e4567-e89b-12d3-a456-426614174020', '2024-05-24 11:00:00', 10),
    ('123e4567-e89b-12d3-a456-42661417403400151', 3, '123e4567-e89b-12d3-a456-426614174021', '2024-05-24 14:00:00', 10),
    ('123e4567-e89b-12d3-a456-42661417403400152', 4, '123e4567-e89b-12d3-a456-426614174022', '2024-05-24 15:00:00', 10),
    ('123e4567-e89b-12d3-a456-42661417403400153', 4, '123e4567-e89b-12d3-a456-426614174023', '2024-05-24 18:00:00', 10),
    ('123e4567-e89b-12d3-a456-42661417403400154', 1, '123e4567-e89b-12d3-a456-426614174014', '2024-05-25 09:00:00', 10),
    ('123e4567-e89b-12d3-a456-42661417403400155', 1, '123e4567-e89b-12d3-a456-426614174015', '2024-05-25 12:00:00', 10),
    ('123e4567-e89b-12d3-a456-42661417403400156', 2, '123e4567-e89b-12d3-a456-426614174016', '2024-05-25 10:00:00', 10),
    ('123e4567-e89b-12d3-a456-42661417403400157', 2, '123e4567-e89b-12d3-a456-426614174017', '2024-05-25 13:00:00', 10),
    ('123e4567-e89b-12d3-a456-42661417403400158', 3, '123e4567-e89b-12d3-a456-426614174018', '2024-05-25 11:00:00', 10),
    ('123e4567-e89b-12d3-a456-42661417403400159', 3, '123e4567-e89b-12d3-a456-426614174019', '2024-05-25 14:00:00', 10),
    ('123e4567-e89b-12d3-a456-42661417403400160', 4, '123e4567-e89b-12d3-a456-426614174020', '2024-05-25 15:00:00', 10),
    ('123e4567-e89b-12d3-a456-42661417403400161', 4, '123e4567-e89b-12d3-a456-426614174021', '2024-05-25 18:00:00', 10),
    ('123e4567-e89b-12d3-a456-42661417403400126', 1, '123e4567-e89b-12d3-a456-426614174020', '2024-05-26 09:00:00', 10),
    ('123e4567-e89b-12d3-a456-42661417403400127', 1, '123e4567-e89b-12d3-a456-426614174021', '2024-05-26 12:00:00', 10),
    ('123e4567-e89b-12d3-a456-42661417403400128', 2, '123e4567-e89b-12d3-a456-426614174022', '2024-05-26 10:00:00', 10),
    ('123e4567-e89b-12d3-a456-42661417403400129', 2, '123e4567-e89b-12d3-a456-426614174023', '2024-05-26 13:00:00', 10),
    ('123e4567-e89b-12d3-a456-42661417403400130', 3, '123e4567-e89b-12d3-a456-426614174014', '2024-05-26 11:00:00', 10),
    ('123e4567-e89b-12d3-a456-42661417403400131', 3, '123e4567-e89b-12d3-a456-426614174015', '2024-05-26 14:00:00', 10),
    ('123e4567-e89b-12d3-a456-42661417403400132', 4, '123e4567-e89b-12d3-a456-426614174016', '2024-05-26 15:00:00', 10),
    ('123e4567-e89b-12d3-a456-42661417403400133', 4, '123e4567-e89b-12d3-a456-426614174017', '2024-05-26 18:00:00', 10),
    ('123e4567-e89b-12d3-a456-42661417403400134', 1, '123e4567-e89b-12d3-a456-426614174018', '2024-05-27 09:00:00', 10),
    ('123e4567-e89b-12d3-a456-42661417403400135', 1, '123e4567-e89b-12d3-a456-426614174019', '2024-05-27 12:00:00', 10),
    ('123e4567-e89b-12d3-a456-42661417403400136', 2, '123e4567-e89b-12d3-a456-426614174020', '2024-05-27 10:00:00', 10),
    ('123e4567-e89b-12d3-a456-42661417403400137', 2, '123e4567-e89b-12d3-a456-426614174021', '2024-05-27 13:00:00', 10),
    ('123e4567-e89b-12d3-a456-42661417403400138', 3, '123e4567-e89b-12d3-a456-426614174022', '2024-05-27 11:00:00', 10),
    ('123e4567-e89b-12d3-a456-42661417403400139', 3, '123e4567-e89b-12d3-a456-426614174023', '2024-05-27 14:00:00', 10),
    ('123e4567-e89b-12d3-a456-42661417403400140', 4, '123e4567-e89b-12d3-a456-426614174014', '2024-05-27 15:00:00', 10),
    ('123e4567-e89b-12d3-a456-42661417403400141', 4, '123e4567-e89b-12d3-a456-426614174015', '2024-05-27 18:00:00', 10),
    ('123e4567-e89b-12d3-a456-42661417403400142', 1, '123e4567-e89b-12d3-a456-426614174016', '2024-05-28 09:00:00', 10),
    ('123e4567-e89b-12d3-a456-42661417403400143', 1, '123e4567-e89b-12d3-a456-426614174017', '2024-05-28 12:00:00', 10),
    ('123e4567-e89b-12d3-a456-42661417403400144', 2, '123e4567-e89b-12d3-a456-426614174018', '2024-05-28 10:00:00', 10),
    ('123e4567-e89b-12d3-a456-42661417403400145', 2, '123e4567-e89b-12d3-a456-426614174019', '2024-05-28 13:00:00', 10),
    ('123e4567-e89b-12d3-a456-42661417403400146', 3, '123e4567-e89b-12d3-a456-426614174020', '2024-05-28 11:00:00', 10),
    ('123e4567-e89b-12d3-a456-42661417403400147', 3, '123e4567-e89b-12d3-a456-426614174021', '2024-05-28 14:00:00', 10),
    ('123e4567-e89b-12d3-a456-42661417403400148', 4, '123e4567-e89b-12d3-a456-426614174022', '2024-05-28 15:00:00', 10),
    ('123e4567-e89b-12d3-a456-42661417403400149', 4, '123e4567-e89b-12d3-a456-426614174023', '2024-05-28 18:00:00', 10),
    ('123e4567-e89b-12d3-a456-42661417403400150', 1, '123e4567-e89b-12d3-a456-426614174014', '2024-05-29 09:00:00', 10),
    ('123e4567-e89b-12d3-a456-42661417403400151', 1, '123e4567-e89b-12d3-a456-426614174015', '2024-05-29 12:00:00', 10),
    ('123e4567-e89b-12d3-a456-42661417403400152', 2, '123e4567-e89b-12d3-a456-426614174016', '2024-05-29 10:00:00', 10),
    ('123e4567-e89b-12d3-a456-42661417403400153', 2, '123e4567-e89b-12d3-a456-426614174017', '2024-05-29 13:00:00', 10),
    ('123e4567-e89b-12d3-a456-42661417403400154', 3, '123e4567-e89b-12d3-a456-426614174018', '2024-05-29 11:00:00', 10),
    ('123e4567-e89b-12d3-a456-42661417403400155', 3, '123e4567-e89b-12d3-a456-426614174019', '2024-05-29 14:00:00', 10),
    ('123e4567-e89b-12d3-a456-42661417403400156', 4, '123e4567-e89b-12d3-a456-426614174020', '2024-05-29 15:00:00', 10),
    ('123e4567-e89b-12d3-a456-42661417403400157', 4, '123e4567-e89b-12d3-a456-426614174021', '2024-05-29 18:00:00', 10),
    ('123e4567-e89b-12d3-a456-42661417403400158', 1, '123e4567-e89b-12d3-a456-426614174022', '2024-05-30 09:00:00', 10),
    ('123e4567-e89b-12d3-a456-42661417403400159', 1, '123e4567-e89b-12d3-a456-426614174023', '2024-05-30 12:00:00', 10),
    ('123e4567-e89b-12d3-a456-42661417403400160', 2, '123e4567-e89b-12d3-a456-426614174014', '2024-05-30 10:00:00', 10),
    ('123e4567-e89b-12d3-a456-42661417403400161', 2, '123e4567-e89b-12d3-a456-426614174015', '2024-05-30 13:00:00', 10),
    ('123e4567-e89b-12d3-a456-42661417403400162', 3, '123e4567-e89b-12d3-a456-426614174016', '2024-05-30 11:00:00', 10),
    ('123e4567-e89b-12d3-a456-42661417403400163', 3, '123e4567-e89b-12d3-a456-426614174017', '2024-05-30 14:00:00', 10),
    ('123e4567-e89b-12d3-a456-42661417403400164', 4, '123e4567-e89b-12d3-a456-426614174018', '2024-05-30 15:00:00', 10),
    ('123e4567-e89b-12d3-a456-42661417403400165', 4, '123e4567-e89b-12d3-a456-426614174019', '2024-05-30 18:00:00', 10),
    ('123e4567-e89b-12d3-a456-42661417403400166', 1, '123e4567-e89b-12d3-a456-426614174020', '2024-05-31 09:00:00', 10),
    ('123e4567-e89b-12d3-a456-42661417403400167', 1, '123e4567-e89b-12d3-a456-426614174021', '2024-05-31 12:00:00', 10),
    ('123e4567-e89b-12d3-a456-42661417403400168', 2, '123e4567-e89b-12d3-a456-426614174022', '2024-05-31 10:00:00', 10),
    ('123e4567-e89b-12d3-a456-42661417403400169', 2, '123e4567-e89b-12d3-a456-426614174023', '2024-05-31 13:00:00', 10),
    ('123e4567-e89b-12d3-a456-42661417403400170', 3, '123e4567-e89b-12d3-a456-426614174014', '2024-05-31 11:00:00', 10),
    ('123e4567-e89b-12d3-a456-42661417403400171', 3, '123e4567-e89b-12d3-a456-426614174015', '2024-05-31 14:00:00', 10),
    ('123e4567-e89b-12d3-a456-42661417403400172', 4, '123e4567-e89b-12d3-a456-426614174016', '2024-05-31 15:00:00', 10),
    ('123e4567-e89b-12d3-a456-42661417403400173', 4, '123e4567-e89b-12d3-a456-426614174017', '2024-05-31 18:00:00', 10),
    ('123e4567-e89b-12d3-a456-42661417403400174', 1, '123e4567-e89b-12d3-a456-426614174018', '2024-06-01 09:00:00', 10),
    ('123e4567-e89b-12d3-a456-42661417403400175', 1, '123e4567-e89b-12d3-a456-426614174019', '2024-06-01 12:00:00', 10),
    ('123e4567-e89b-12d3-a456-42661417403400176', 2, '123e4567-e89b-12d3-a456-426614174020', '2024-06-01 10:00:00', 10),
    ('123e4567-e89b-12d3-a456-42661417403400177', 2, '123e4567-e89b-12d3-a456-426614174021', '2024-06-01 13:00:00', 10),
    ('123e4567-e89b-12d3-a456-42661417403400178', 3, '123e4567-e89b-12d3-a456-426614174022', '2024-06-01 11:00:00', 10),
    ('123e4567-e89b-12d3-a456-42661417403400179', 3, '123e4567-e89b-12d3-a456-426614174023', '2024-06-01 14:00:00', 10),
    ('123e4567-e89b-12d3-a456-42661417403400180', 4, '123e4567-e89b-12d3-a456-426614174014', '2024-06-01 15:00:00', 10),
    ('123e4567-e89b-12d3-a456-42661417403400181', 4, '123e4567-e89b-12d3-a456-426614174015', '2024-06-01 18:00:00', 10),
    ('123e4567-e89b-12d3-a456-42661417403400182', 1, '123e4567-e89b-12d3-a456-426614174016', '2024-06-02 09:00:00', 10),
    ('123e4567-e89b-12d3-a456-42661417403400183', 1, '123e4567-e89b-12d3-a456-426614174017', '2024-06-02 12:00:00', 10),
    ('123e4567-e89b-12d3-a456-42661417403400184', 2, '123e4567-e89b-12d3-a456-426614174018', '2024-06-02 10:00:00', 10),
    ('123e4567-e89b-12d3-a456-42661417403400185', 2, '123e4567-e89b-12d3-a456-426614174019', '2024-06-02 13:00:00', 10),
    ('123e4567-e89b-12d3-a456-42661417403400186', 3, '123e4567-e89b-12d3-a456-426614174020', '2024-06-02 11:00:00', 10),
    ('123e4567-e89b-12d3-a456-42661417403400187', 3, '123e4567-e89b-12d3-a456-426614174021', '2024-06-02 14:00:00', 10),
    ('123e4567-e89b-12d3-a456-42661417403400188', 4, '123e4567-e89b-12d3-a456-426614174022', '2024-06-02 15:00:00', 10),
    ('123e4567-e89b-12d3-a456-42661417403400189', 4, '123e4567-e89b-12d3-a456-426614174023', '2024-06-02 18:00:00', 10),
    ('123e4567-e89b-12d3-a456-42661417403400190', 1, '123e4567-e89b-12d3-a456-426614174024', '2024-06-03 09:00:00', 10),
    ('123e4567-e89b-12d3-a456-42661417403400191', 1, '123e4567-e89b-12d3-a456-426614174025', '2024-06-03 12:00:00', 10),
    ('123e4567-e89b-12d3-a456-42661417403400192', 2, '123e4567-e89b-12d3-a456-426614174026', '2024-06-03 10:00:00', 10),
    ('123e4567-e89b-12d3-a456-42661417403400193', 2, '123e4567-e89b-12d3-a456-426614174027', '2024-06-03 13:00:00', 10),
    ('123e4567-e89b-12d3-a456-42661417403400194', 3, '123e4567-e89b-12d3-a456-426614174028', '2024-06-03 11:00:00', 10),
    ('123e4567-e89b-12d3-a456-42661417403400195', 3, '123e4567-e89b-12d3-a456-426614174029', '2024-06-03 14:00:00', 10),
    ('123e4567-e89b-12d3-a456-42661417403400196', 4, '123e4567-e89b-12d3-a456-426614174030', '2024-06-03 15:00:00', 10),
    ('123e4567-e89b-12d3-a456-42661417403400197', 4, '123e4567-e89b-12d3-a456-426614174031', '2024-06-03 18:00:00', 10),
    ('123e4567-e89b-12d3-a456-42661417403400198', 1, '123e4567-e89b-12d3-a456-426614174032', '2024-06-04 09:00:00', 10),
    ('123e4567-e89b-12d3-a456-42661417403400199', 1, '123e4567-e89b-12d3-a456-426614174033', '2024-06-04 12:00:00', 10),
    ('123e4567-e89b-12d3-a456-42661417403400200', 2, '123e4567-e89b-12d3-a456-426614174024', '2024-06-04 10:00:00', 10),
    ('123e4567-e89b-12d3-a456-42661417403400201', 2, '123e4567-e89b-12d3-a456-426614174025', '2024-06-04 13:00:00', 10),
    ('123e4567-e89b-12d3-a456-42661417403400202', 3, '123e4567-e89b-12d3-a456-426614174026', '2024-06-04 11:00:00', 10),
    ('123e4567-e89b-12d3-a456-42661417403400203', 3, '123e4567-e89b-12d3-a456-426614174027', '2024-06-04 14:00:00', 10),
    ('123e4567-e89b-12d3-a456-42661417403400204', 4, '123e4567-e89b-12d3-a456-426614174028', '2024-06-04 15:00:00', 10),
    ('123e4567-e89b-12d3-a456-42661417403400205', 4, '123e4567-e89b-12d3-a456-426614174029', '2024-06-04 18:00:00', 10),
    ('123e4567-e89b-12d3-a456-42661417403400246', 1, '123e4567-e89b-12d3-a456-426614174014', '2024-06-05 09:00:00', 10),
    ('123e4567-e89b-12d3-a456-42661417403400247', 1, '123e4567-e89b-12d3-a456-426614174015', '2024-06-05 12:00:00', 10),
    ('123e4567-e89b-12d3-a456-42661417403400248', 2, '123e4567-e89b-12d3-a456-426614174016', '2024-06-05 10:00:00', 10),
    ('123e4567-e89b-12d3-a456-42661417403400249', 2, '123e4567-e89b-12d3-a456-426614174017', '2024-06-05 13:00:00', 10),
    ('123e4567-e89b-12d3-a456-42661417403400250', 3, '123e4567-e89b-12d3-a456-426614174018', '2024-06-05 11:00:00', 10),
    ('123e4567-e89b-12d3-a456-42661417403400251', 3, '123e4567-e89b-12d3-a456-426614174019', '2024-06-05 14:00:00', 10),
    ('123e4567-e89b-12d3-a456-42661417403400252', 4, '123e4567-e89b-12d3-a456-426614174020', '2024-06-05 15:00:00', 10),
    ('123e4567-e89b-12d3-a456-42661417403400253', 4, '123e4567-e89b-12d3-a456-426614174021', '2024-06-05 18:00:00', 10),
    ('123e4567-e89b-12d3-a456-42661417403400254', 1, '123e4567-e89b-12d3-a456-426614174022', '2024-06-06 09:00:00', 10),
    ('123e4567-e89b-12d3-a456-42661417403400255', 1, '123e4567-e89b-12d3-a456-426614174023', '2024-06-06 12:00:00', 10),
    ('123e4567-e89b-12d3-a456-42661417403400256', 2, '123e4567-e89b-12d3-a456-426614174014', '2024-06-06 10:00:00', 10),
    ('123e4567-e89b-12d3-a456-42661417403400257', 2, '123e4567-e89b-12d3-a456-426614174015', '2024-06-06 13:00:00', 10),
    ('123e4567-e89b-12d3-a456-42661417403400258', 3, '123e4567-e89b-12d3-a456-426614174016', '2024-06-06 11:00:00', 10),
    ('123e4567-e89b-12d3-a456-42661417403400259', 3, '123e4567-e89b-12d3-a456-426614174017', '2024-06-06 14:00:00', 10),
    ('123e4567-e89b-12d3-a456-42661417403400260', 4, '123e4567-e89b-12d3-a456-426614174018', '2024-06-06 15:00:00', 10),
    ('123e4567-e89b-12d3-a456-42661417403400261', 4, '123e4567-e89b-12d3-a456-426614174019', '2024-06-06 18:00:00', 10),
    ('123e4567-e89b-12d3-a456-42661417403400262', 1, '123e4567-e89b-12d3-a456-426614174020', '2024-06-07 09:00:00', 10),
    ('123e4567-e89b-12d3-a456-42661417403400263', 1, '123e4567-e89b-12d3-a456-426614174021', '2024-06-07 12:00:00', 10),
    ('123e4567-e89b-12d3-a456-42661417403400264', 2, '123e4567-e89b-12d3-a456-426614174022', '2024-06-07 10:00:00', 10),
    ('123e4567-e89b-12d3-a456-42661417403400265', 2, '123e4567-e89b-12d3-a456-426614174023', '2024-06-07 13:00:00', 10),
    ('123e4567-e89b-12d3-a456-42661417403400266', 3, '123e4567-e89b-12d3-a456-426614174014', '2024-06-07 11:00:00', 10),
    ('123e4567-e89b-12d3-a456-42661417403400267', 3, '123e4567-e89b-12d3-a456-426614174015', '2024-06-07 14:00:00', 10),
    ('123e4567-e89b-12d3-a456-42661417403400268', 4, '123e4567-e89b-12d3-a456-426614174016', '2024-06-07 15:00:00', 10),
    ('123e4567-e89b-12d3-a456-42661417403400269', 4, '123e4567-e89b-12d3-a456-426614174017', '2024-06-07 18:00:00', 10),
    ('123e4567-e89b-12d3-a456-42661417403400270', 1, '123e4567-e89b-12d3-a456-426614174018', '2024-06-08 09:00:00', 10),
    ('123e4567-e89b-12d3-a456-42661417403400271', 1, '123e4567-e89b-12d3-a456-426614174019', '2024-06-08 12:00:00', 10),
    ('123e4567-e89b-12d3-a456-42661417403400272', 2, '123e4567-e89b-12d3-a456-426614174020', '2024-06-08 10:00:00', 10),
    ('123e4567-e89b-12d3-a456-42661417403400273', 2, '123e4567-e89b-12d3-a456-426614174021', '2024-06-08 13:00:00', 10),
    ('123e4567-e89b-12d3-a456-42661417403400274', 3, '123e4567-e89b-12d3-a456-426614174022', '2024-06-08 11:00:00', 10),
    ('123e4567-e89b-12d3-a456-42661417403400275', 3, '123e4567-e89b-12d3-a456-426614174023', '2024-06-08 14:00:00', 10),
    ('123e4567-e89b-12d3-a456-42661417403400276', 4, '123e4567-e89b-12d3-a456-426614174014', '2024-06-08 15:00:00', 10),
    ('123e4567-e89b-12d3-a456-42661417403400277', 4, '123e4567-e89b-12d3-a456-426614174015', '2024-06-08 18:00:00', 10),
    ('123e4567-e89b-12d3-a456-42661417403400278', 1, '123e4567-e89b-12d3-a456-426614174016', '2024-06-09 09:00:00', 10),
    ('123e4567-e89b-12d3-a456-42661417403400279', 1, '123e4567-e89b-12d3-a456-426614174017', '2024-06-09 12:00:00', 10),
    ('123e4567-e89b-12d3-a456-42661417403400280', 2, '123e4567-e89b-12d3-a456-426614174018', '2024-06-09 10:00:00', 10),
    ('123e4567-e89b-12d3-a456-42661417403400281', 2, '123e4567-e89b-12d3-a456-426614174019', '2024-06-09 13:00:00', 10),
    ('123e4567-e89b-12d3-a456-42661417403400282', 3, '123e4567-e89b-12d3-a456-426614174020', '2024-06-09 11:00:00', 10),
    ('123e4567-e89b-12d3-a456-42661417403400283', 3, '123e4567-e89b-12d3-a456-426614174021', '2024-06-09 14:00:00', 10),
    ('123e4567-e89b-12d3-a456-42661417403400284', 4, '123e4567-e89b-12d3-a456-426614174022', '2024-06-09 15:00:00', 10),
    ('123e4567-e89b-12d3-a456-42661417403400285', 4, '123e4567-e89b-12d3-a456-426614174023', '2024-06-09 18:00:00', 10),
    ('123e4567-e89b-12d3-a456-42661417403400286', 1, '123e4567-e89b-12d3-a456-426614174014', '2024-06-10 09:00:00', 10),
    ('123e4567-e89b-12d3-a456-42661417403400287', 1, '123e4567-e89b-12d3-a456-426614174015', '2024-06-10 12:00:00', 10),
    ('123e4567-e89b-12d3-a456-42661417403400288', 2, '123e4567-e89b-12d3-a456-426614174016', '2024-06-10 10:00:00', 10),
    ('123e4567-e89b-12d3-a456-42661417403400289', 2, '123e4567-e89b-12d3-a456-426614174017', '2024-06-10 13:00:00', 10),
    ('123e4567-e89b-12d3-a456-42661417403400290', 3, '123e4567-e89b-12d3-a456-426614174018', '2024-06-10 11:00:00', 10),
    ('123e4567-e89b-12d3-a456-42661417403400291', 3, '123e4567-e89b-12d3-a456-426614174019', '2024-06-10 14:00:00', 10),
    ('123e4567-e89b-12d3-a456-42661417403400292', 4, '123e4567-e89b-12d3-a456-426614174020', '2024-06-10 15:00:00', 10),
    ('123e4567-e89b-12d3-a456-42661417403400293', 4, '123e4567-e89b-12d3-a456-426614174021', '2024-06-10 18:00:00', 10);



INSERT INTO "ticket" ("id", "customer_id", "screening_id", "purchase_date", "reservation_code", "state")
VALUES
    ('123e4567-e89b-12d3-a456-42661417400294', '123e4567-e89b-12d3-a456-426614174000', '123e4567-e89b-12d3-a456-426614174006', '2024-05-09', '123e4567-e89b-12d3-a456-426614174010', 'INVALID'),
    ('123e4567-e89b-12d3-a456-42661417400295', '123e4567-e89b-12d3-a456-426614174001', '123e4567-e89b-12d3-a456-426614174007', '2024-05-09', '123e4567-e89b-12d3-a456-426614174011', 'INVALID');

INSERT INTO "seat_reservation" ("id", "ticket_id", "seat_id")
VALUES
    ('123e4567-e89b-12d3-a456-42661417400296', '123e4567-e89b-12d3-a456-42661417400294', 1),
    ('123e4567-e89b-12d3-a456-42661417400297', '123e4567-e89b-12d3-a456-42661417400295', 2);